smiles,pred_pActivity,pred_uncertainty,pred_conservative,pred_offmax,selectivity,makeability,combined_score
[O-][N+]1(CCCNc2cc3ncnc(Nc4cccc(Br)c4)c3cn2)CCOCC1,8.799027684583313,0.038805675610969745,8.779624846777828,6.994682034761331,1.8043456498219825,0.888888888888889,0.8316038829531158
Brc1cccc(Nc2ncnc3cnc(NCCc4c[nH]cn4)cc23)c1,8.985820261688811,0.0049938596384890505,8.983323331869567,7.534362825795297,1.4514574358935146,0.888888888888889,0.8229134964503042
Brc1cccc(Nc2ncnc3cc4[nH]ncc4cc23)c1,8.806821925838117,0.029278654379297865,8.792182598648468,7.1659124208748155,1.6409095049633011,0.888888888888889,0.8223526150394571
Cn1ncc2cc3c(Nc4cccc(Br)c4)ncnc3cc21,8.535761433498465,0.07851060402621879,8.496506131485356,6.788041214006478,1.7477202194919865,0.888888888888889,0.8096254064439256
Cc1cccc(Nc2ncnc3cnc(NCCc4c[nH]cn4)cc23)c1,8.844907338951172,0.02124156164360741,8.834286558129369,7.771944494817104,1.072962844134068,0.888888888888889,0.7896381416939804
Brc1cccc(Nc2ncnc3cc(NCCCCN4CCOCC4)ncc23)c1,8.378435934590716,0.01989644855963575,8.368487710310898,6.983560447139041,1.3948754874516744,0.888888888888889,0.7806704747830009
CCOc1cc2ncnc(/C=C/c3ccccc3)c2cc1OCC,7.83062803330846,0.04083407798434608,7.810210994316287,5.976772580917478,1.8538554523909818,0.9166666666666667,0.7782385139569977
CNc1ccc2ncnc(Nc3cccc(Br)c3)c2n1,8.120238686874846,0.026466246373474528,8.107005563688109,6.612128836804837,1.5081098500700083,0.9166666666666667,0.7754484712403797
COc1cc2ncnc(Sc3cccc(Cl)c3)c2cc1OC,7.738876345823693,0.04474847822133773,7.7165021067130235,5.919135472957936,1.819740872865757,0.9166666666666667,0.7701761522570236
c1ccc(NCCN(c2cc3ncnc(Nc4ccc5[nH]ccc5c4)c3s2)n2cccc2)cc1,8.566354186850685,0.01866341286860014,8.557022480416384,7.257104260599169,1.3092499262515158,0.7733333333333333,0.7697920864254575
Oc1cccc(Nc2[nH]nc3ncnc(Nc4cccc(Cl)c4)c23)c1,8.529014715816533,0.026772988540411418,8.515628221546327,7.479342770025551,1.0496719457909824,0.888888888888889,0.7681626002567825
COc1ccc2ncnc(Nc3cccc(Br)c3)c2n1,7.997561037379974,0.026938504381387247,7.98409178518928,6.540592860002954,1.4569681773770196,0.9166666666666667,0.7645611507032428
CN(C)c1ccc2ncnc(Nc3cccc(Br)c3)c2n1,7.842548126520262,0.015750500566009448,7.834672876237257,6.384936231528362,1.4576118949918992,0.9166666666666667,0.7554724763162096
Nc1ccc(Nc2[nH]nc3ncnc(Nc4cccc(Cl)c4)c23)cc1,8.242446351555953,0.026695392497078918,8.229098655307414,7.221439333058529,1.021007018497424,0.888888888888889,0.7484643993368154
O=C(C#CCCN1CCCCC1)Nc1cc2c(Nc3ccc(F)c(Cl)c3)ncnc2cn1,8.831851325067442,0.06511874554413714,8.799291952295373,8.692089115550102,0.13976220951733964,0.888888888888889,0.7283032419676753
O=C(C#CCCN1CCOCC1)Nc1cc2c(Nc3ccc(F)c(Cl)c3)ncnc2cn1,8.899652946238819,0.01092258398189879,8.89419165424787,8.928442364784,-0.028789418545182244,0.888888888888889,0.7247161746150906
Oc1ccc(Nc2[nH]nc3ncnc(Nc4cccc(Cl)c4)c23)cc1,8.175206713140152,0.044699046270511605,8.152857190004896,7.521934767684483,0.6532719454556695,0.888888888888889,0.7203782971820466
Nc1ccc2ncnc(Nc3cccc(Br)c3)c2n1,7.953713253501512,0.07784500569233715,7.914790750655343,7.1344184608813705,0.8192947926201413,0.9166666666666667,0.7194207525979864
C=CC(=O)Nc1ccc2ncnc(Nc3cccc(Br)c3)c2n1,8.374293361566107,0.030971116960720125,8.358807803085746,8.056308573458361,0.31798478810774533,0.9166666666666667,0.7167188285065798
O=C(C#CCCN1CCOCC1)Nc1cc2c(Nc3ccc(F)c(Br)c3)ncnc2cn1,8.858861785503601,0.009782757616833834,8.853970406695185,8.996664262804066,-0.1378024773004647,0.888888888888889,0.7154104022151876
Clc1ccc2ncnc(Nc3cccc(Br)c3)c2n1,7.666025103168861,0.022745936887169287,7.654652134725277,6.680062975311221,0.9859621278576407,0.9166666666666667,0.7146119050947979
C=CC(=O)Nc1ccc2ncnc(Nc3ccc(F)c(Cl)c3)c2n1,8.364137728562866,0.04998553439316114,8.339144961366285,8.07191424710519,0.2922234814576772,0.9166666666666667,0.713523298906626
C=CC(=O)Nc1ccc2ncnc(Nc3ccc(F)c(Br)c3)c2n1,8.359677118489405,0.0353021651186761,8.342026035930067,8.14084901546082,0.21882810302858502,0.9166666666666667,0.7093914680889405
COc1cc2ncnc(Nc3cccc(Cl)c3F)c2cc1OCCCN1CCOCC1,7.68983817733257,0.0506453570880798,7.66451549878853,6.736741823435329,0.9530963538972408,0.888888888888889,0.7084844736807925
Cc1cc(C(=O)NCCN2CCOCC2)[nH]c1/C=C1\C(=O)Nc2ncnc(Nc3ccc(F)c(Cl)c3)c21,8.02037777103791,0.07742678882408137,7.98166437662587,7.312087284692207,0.708290486345704,0.8311111111111111,0.7038370933119384
COc1cccc(Nc2[nH]nc3ncnc(Nc4cccc(Cl)c4)c23)c1,7.844390850179141,0.03869771896535335,7.825041990696464,7.188195091076591,0.65619575910255,0.888888888888889,0.7001851104651714
COc1cc2ncnc(Nc3ccc(F)c(Cl)c3)c2cc1CN1CCC[C@H]1C(N)=O,7.801011112715473,0.032372675587405475,7.784824774921771,7.059293130275679,0.7417179824397939,0.8611111111111112,0.6989686013345007
COc1cc2ncnc(Nc3ccc(F)c(Cl)c3)c2cc1CN1CCC[C@@H]1C(N)=O,7.801011112715473,0.03237267558740527,7.784824774921771,7.059293130275679,0.7417179824397939,0.8611111111111112,0.6989686013345007
COc1cc2ncnc(Nc3cccc(Cl)c3F)c2cc1CN1C[C@H](OC)C[C@@H]1C(N)=O,7.763683444429924,0.024325828672871714,7.751520530093488,6.929515554305871,0.8341678901240535,0.8333333333333334,0.69864941697598
Fc1ccc2ncnc(Nc3cccc(Br)c3)c2n1,7.49025954535521,0.030846162290193543,7.474836464210113,6.626439881031226,0.8638196643239837,0.9166666666666667,0.69558764249044
COc1cc2ncnc(Nc3ccc(F)c(Cl)c3)c2cc1OCCCN1CCOCC1,7.54792092330721,0.02117853270958747,7.537331656952416,6.698348113313436,0.8495728099937736,0.888888888888889,0.6946177650291654
CN(C)c1cc2c(Nc3ccc4c(cnn4Cc4ccccc4)c3)ncnc2cn1,8.117977190146386,0.0833679543571609,8.076293212967805,7.683130986637819,0.43484620350856673,0.8311111111111111,0.6925497310522432
C#Cc1cccc(Nc2ncnc3c2/C(=C/c2[nH]c(C(=O)NCCN4CCOCC4)cc2C)C(=O)N3)c1,7.875390922838984,0.05581057259292168,7.847485636542523,7.233523907300044,0.6418670155389403,0.8311111111111111,0.6917047591856409
COc1cc2ncnc(Nc3cccc(Cl)c3F)c2cc1CN1CCCC[C@@H]1C(N)=O,7.651405695311882,0.047236401403538006,7.627787494610113,6.919962721804278,0.7314429735076047,0.8611111111111112,0.6882328883977078
COc1cc2ncnc(Nc3cccc(Cl)c3F)c2cc1CN1CCC[C@@H]1C(N)=O,7.655729567010782,0.01830840103181035,7.6465753664948775,6.961032602438482,0.6946969645723007,0.8611111111111112,0.6876529048390189
COc1cc2ncnc(Nc3cccc(Cl)c3F)c2cc1CN1CCC[C@H]1C(N)=O,7.655729567010782,0.01830840103181055,7.6465753664948775,6.961032602438482,0.6946969645723007,0.8611111111111112,0.6876529048390189
Cc1c(-c2ccccc2)[nH]c2ncnc(Nc3cccc(Cl)c3)c12,7.51050058114439,0.0918374819992915,7.464581840144744,6.706573428647549,0.8039271524968408,0.888888888888889,0.6858931925859457
C=CC(=O)Nc1cc2c(Nc3cccc(Br)c3)ncnc2cc1OCCCn1ccnc1,8.123375242193722,0.03905319125970665,8.103848646563868,8.055217979609651,0.06815726258407118,0.888888888888889,0.6808514553189601
CN(C)CCn1ncc2cc3c(Nc4cccc(Br)c4)ncnc3cc21,7.4079997939803475,0.06622555684715693,7.374887015556769,6.619818041474636,0.7881817525057118,0.888888888888889,0.6797834021463541
CS(=O)(=O)CCNc1nc(-c2ccc3ncnc(Nc4ccc(F)c(Cl)c4)c3c2)cs1,7.555261146790426,0.03426348864681249,7.538129402467019,6.994567868572545,0.5606932782178804,0.888888888888889,0.6763673104640118
Brc1cccc(Nc2ncnc3cccnc23)c1,7.352314799244664,0.03525572854622628,7.33468693497155,6.657868029828968,0.6944467694156957,0.9166666666666667,0.6761598116139612
COc1ccc(Nc2[nH]nc3ncnc(Nc4cccc(Cl)c4)c23)cc1,7.6575601802400275,0.01821835346229723,7.648451003508879,7.218615186989576,0.4389449932504519,0.888888888888889,0.6759539890033734
Brc1cccc(Nc2ncnc3ccc4[nH]cnc4c23)c1,7.594866525766814,0.03736824700798653,7.576182402262821,7.105070595067039,0.489795930699775,0.888888888888889,0.6742563245120958
CS(=O)(=O)CCNC(=O)NCc1cccc(C#Cc2cncnc2Nc2ccc(OCc3cccc(F)c3)c(Cl)c2)n1,7.805798586898165,0.05829693414054395,7.776650119827893,7.4875412196377455,0.3182573672604194,0.8495002222222221,0.6697636837612176
COc1cc2ncnc(Nc3cc(Cl)ccc3F)c2cc1OCCCN1CCOCC1,7.330543171790595,0.03417445667758732,7.313455943451801,6.662676989716712,0.6678661820738823,0.888888888888889,0.6690251951159838
O=C1Nc2ncnc(Nc3ccc(F)c(Cl)c3)c2/C1=C/c1ccc(C(=O)NCCN2CCOCC2)[nH]1,7.70958497457765,0.035636530573342096,7.691766709290979,7.354679180503237,0.3549057940744129,0.8311111111111111,0.6644155131787535
COc1cc2ncnc(Nc3cccc(Cl)c3F)c2cc1CN1CC[C@H](C(N)=O)C1,7.439178880125477,0.02296427692929532,7.427696741660829,6.93072395970093,0.5084549204245468,0.8611111111111112,0.6622455653545785
C=CC(=O)Nc1nc2c(Nc3ccc(F)c(Cl)c3)ncnc2cc1/C=C/CCN1CCOCC1,7.851725331833178,0.0431935942515924,7.830128534707382,7.855344727660497,-0.003619395827318961,0.888888888888889,0.6591802746211199
Fc1cccc(COc2ccc(Nc3ncncc3C#Cc3ccccn3)cc2Cl)c1,7.453067552528026,0.02884015948117492,7.438647472787438,7.119263996686252,0.333803555841774,0.888888888888889,0.6560707696323871
COc1cc2ncnc(Nc3ccc(F)c(Cl)c3)c2cc1OCCn1ccnc1,7.419128144093763,0.02507202490712446,7.406592131640201,7.057556122245655,0.361572021848108,0.888888888888889,0.655873492459344
CN(C)c1ccc(Nc2[nH]nc3ncnc(Nc4cccc(Cl)c4)c23)cc1,7.498082309450716,0.02937810206581819,7.483393258417807,7.226924571606167,0.27115773784454866,0.888888888888889,0.6549419311859964
Fc1cccc(COc2ccc(Nc3ncncc3C#Cc3ccccc3)cc2Cl)c1,7.246989046208459,0.028345109740589597,7.2328164913381645,6.754272811087287,0.492716235121172,0.888888888888889,0.6531476579294059
COc1cc2ncnc(Nc3ccc(F)c(Cl)c3)c2cc1OC[C@@H](O)CN1CCOCC1,7.369468368658239,0.022204646650148693,7.358366045333165,6.938639176144169,0.4308291925140706,0.8611111111111112,0.6530750319074287
COc1cc2ncnc(Nc3ccc(F)c(Cl)c3)c2cc1OC[C@H](O)CN1CCOCC1,7.369468368658239,0.022204646650148447,7.358366045333165,6.938639176144169,0.4308291925140706,0.8611111111111112,0.6530750319074287
C=CC(=O)Nc1nc2c(Nc3ccc(F)c(Cl)c3)ncnc2cc1OCCOC,7.649634772320773,0.03641064993211954,7.631429447354714,7.669177084296973,-0.019542311976199933,0.9166666666666667,0.6500602462749299
CNC(=O)[C@H]1CCCN1Cc1cc2c(Nc3cccc(Cl)c3F)ncnc2cc1OC,7.36484591087072,0.025264556734261336,7.352213632503589,6.991335996534252,0.3735099143364682,0.8611111111111112,0.6490506779054028
COc1cc2ncnc(Nc3ccc4c(c3)CCC4)c2cc1OC.Cl,7.121989035877381,0.08515919744601945,7.079409437154371,6.544161665026965,0.5778273708504162,0.888888888888889,0.6478138988815197
C=CC(=O)Nc1nc2c(Nc3ccc(F)c(Cl)c3)ncnc2cc1OC,7.7054958601906565,0.045135152288639055,7.682928284046337,7.833037826482224,-0.12754196629156755,0.9166666666666667,0.6463653607542611
Brc1cccc(Nc2ncnc3cc4c(cnn4CCCN4CCOCC4)cc23)c1,7.453108244405651,0.04471713209279038,7.4307496783592555,7.1542995702838015,0.2988086741218492,0.8311111111111111,0.6444256174699958
ClCCN(CCN/N=N/c1ccc2ncnc(Nc3cccc(Cl)c3)c2c1)Cc1ccccc1,7.199085949114145,0.025905422817542413,7.1861332377053735,6.784099466475976,0.4149864826381684,0.8738888888888889,0.6431675891769758
OCC(O)Cn1ncc2cc3c(Nc4cccc(Br)c4)ncnc3cc21,7.517117448519093,0.07436297876883831,7.479935959134673,7.4143303920857715,0.10278705643332131,0.8611111111111112,0.6391925492877506
C=CC(=O)Nc1nc2c(Nc3ccc(F)c(Cl)c3)ncnc2cc1OCCCN1CCN(C)CC1,7.524514799375147,0.03185586766800189,7.5085868655411465,7.5528070375636105,-0.02829223818846316,0.888888888888889,0.637754450024101
COC(=O)CCCC(=O)Nc1cccc(C#Cc2cncnc2Nc2ccc(OCc3cccc(F)c3)c(Cl)c2)c1,7.4466410152072555,0.02439833076317634,7.434441849825667,7.370942154899136,0.0756988603081199,0.8735395555555554,0.6374572590148855
CNC(=O)NCc1cccc(C#Cc2cncnc2Nc2ccc(OCc3cccc(F)c3)c(Cl)c2)n1,7.659963741713095,0.026224211210002384,7.646851636108094,7.868365867614003,-0.2084021259009079,0.888888888888889,0.6352447237610949
Nc1cccc(C#Cc2cncnc2Nc2ccc(OCc3cccc(F)c3)c(Cl)c2)c1,7.380034149613229,0.015289756583055635,7.372389271321701,7.351225684453851,0.028808465159377405,0.888888888888889,0.6331215089274684
COc1cc2ncnc(Nc3ccc(F)c(Cl)c3)c2cc1OCCCN1CCCC1,7.166808737570491,0.019651155814363854,7.15698315966331,6.939645305138112,0.22716343243237969,0.888888888888889,0.6319740361677946
NCc1cccc(C#Cc2cncnc2Nc2ccc(OCc3cccc(F)c3)c(Cl)c2)n1,7.433311523020744,0.02523572855645053,7.420693658742518,7.491233122491363,-0.057921599470619256,0.888888888888889,0.6305334171273936
CC(=O)Nc1cc2ncnc(NCc3ccccc3)c2cn1,7.22674517443402,0.06383604156535577,7.194827153651342,7.122283166926667,0.10446200750735368,0.9166666666666667,0.6300086467930681
Nc1nccc(C#Cc2cncnc2Nc2ccc(OCc3cccc(F)c3)c(Cl)c2)n1,7.426272626866483,0.024889437051984525,7.413827908340491,7.516667972570619,-0.09039534570413554,0.888888888888889,0.6280811915533808
COc1cc2ncnc(Nc3ccc(F)c(Cl)c3)c2cc1OCCN1CCCCC1,7.165380765931504,0.013765190091879485,7.158498170885564,7.005692780073869,0.15968798585763455,0.888888888888889,0.6279618708155605
COc1cc2ncnc(Nc3cccc(Cl)c3F)c2cc1CN1CCC[C@H]1CC(N)=O,7.194396002984847,0.06123114386236157,7.163780431053667,6.975847668854591,0.2185483341302561,0.8611111111111112,0.6269141305432425
CS(=O)(=O)CCC(=O)Nc1cccc(C#Cc2cncnc2Nc2ccc(OCc3cccc(F)c3)c(Cl)c2)c1,7.3550461263031135,0.02847858870195614,7.340806831952135,7.346379175409784,0.00866695089332925,0.8695202222222221,0.6267361712230131
Nc1ccccc1C#Cc1cncnc1Nc1ccc(OCc2cccc(F)c2)c(Cl)c1,7.355431616105226,0.03471564786915369,7.338073792170649,7.412619289778154,-0.057187673672927986,0.888888888888889,0.6252377973418943
Clc1cccc(Nc2[nH]nc3ncnc(Nc4ccccc4)c23)c1,7.222234557590523,0.06789744549687972,7.188285834842083,7.134129043432911,0.08810551415761214,0.888888888888889,0.6243347155427479
COc1cc2ncnc(Nc3cccc(Cl)c3F)c2cc1CN1CCCC1,7.052170288723266,0.08404005919215558,7.0101502591271885,6.819721590825635,0.232448697897631,0.888888888888889,0.6219200170375316
Fc1cccc(COc2ccc(Nc3ncncc3C#Cc3ncccn3)cc2Cl)c1,7.248365687190381,0.03104657447365025,7.232842399953555,7.258103438998096,-0.009737751807715078,0.888888888888889,0.6216952505710674
NC1CCN(Cc2ccn3ncnc(Nc4ccc(OCc5cccc(F)c5)c(Cl)c4)c23)CC1,7.307548891373441,0.02886822142605278,7.293114780660415,7.368160811755597,-0.06061192038215513,0.8311111111111111,0.6136568162823194
O=S(=O)(CCNCc1ccc(-c2ccc3ncnc(Nc4ccc(OCc5cccc(F)c5)c(C(F)(F)F)c4)c3c2)o1)c1ccccn1,7.49234963387166,0.023424537810411258,7.480637364966454,7.362806476810013,0.1295431570616472,0.6582133333333331,0.6114290725428111
CS(=O)(=O)Nc1cccc(C#Cc2cncnc2Nc2ccc(OCc3cccc(F)c3)c(Cl)c2)c1,7.2736533566115344,0.006930968580138743,7.270187872321465,7.497838872046697,-0.2241855154351624,0.888888888888889,0.6110785249778496
NCC1CCN(Cc2ccn3ncnc(Nc4ccc5c(cnn5Cc5cccc(F)c5)c4)c23)CC1,7.239757722281851,0.024037571439864486,7.227738936561919,7.184090515087732,0.05566720719411933,0.7733333333333333,0.608262179520255
Nc1ccc(C#Cc2cncnc2Nc2ccc(OCc3cccc(F)c3)c(Cl)c2)cc1,7.2007734935212735,0.04572112046449308,7.177912933289027,7.382598452653856,-0.1818249591325829,0.888888888888889,0.6072315607094019
OCc1cccc(C#Cc2cncnc2Nc2ccc(OCc3cccc(F)c3)c(Cl)c2)n1,7.383631073002292,0.01652814832953519,7.375366998837524,7.790183376075859,-0.4065523030735676,0.888888888888889,0.6060743490374018
NC1CCN(Cc2ccn3ncnc(Nc4ccc5c(cnn5Cc5cccc(F)c5)c4)c23)CC1,7.279081511693927,0.014646206718920005,7.271758408334467,7.324938544313807,-0.045857032619879945,0.7733333333333333,0.604844219606182
COc1cc2/c(=N/c3ccc(Br)cc3F)nc[nH]c2cc1OCC1CCN(C)CC1,6.656274131450919,0.032570655499128194,6.639988803701355,6.358381963056807,0.29789216839411203,0.888888888888889,0.6038401942986913
C=CC(=O)Nc1nc2c(Nc3ccc(F)c(Cl)c3)ncnc2cc1CCCCN1CCOCC1,7.35095714587239,0.05483594595940308,7.323539172892688,7.74295553880158,-0.3919983929291897,0.888888888888889,0.6030264580943132
CC(=O)NCc1cccc(C#Cc2cncnc2Nc2ccc(OCc3cccc(F)c3)c(Cl)c2)c1,7.310775680199245,0.01925665653762942,7.30114735193043,7.722200270795852,-0.4114245905966074,0.888888888888889,0.6010799436066167
CC(=O)Nc1cccc(C#Cc2cncnc2Nc2ccc(OCc3cccc(F)c3)c(Cl)c2)c1,7.344669038680929,0.08157345680197668,7.303882310279941,7.7533456407094885,-0.40867660202855927,0.888888888888889,0.6002541877840076
Clc1cccc(Nc2[nH]nc3ncnc(Nc4cccc(Br)c4)c23)c1,7.172879932383029,0.06614083199967304,7.139809516383192,7.445673043093647,-0.2727931107106185,0.888888888888889,0.5987817180878753
CN1CCC=C(C(=O)Nc2ccc3ncnc(Nc4cccc(Br)c4)c3c2)C1,7.144523567986006,0.0349744385082283,7.127036348731892,7.421399733827066,-0.2768761658410597,0.888888888888889,0.598312574041981
N#Cc1cnc2ccc(NCc3c[nH]cn3)cc2c1Nc1ccc(F)c(Cl)c1,6.9936559721264135,0.03547698335994043,6.975917480446443,7.16272247380212,-0.16906650167570625,0.888888888888889,0.5955963260685055
COc1cn2ncnc(Nc3ccc4c(cnn4Cc4cccc(F)c4)c3)c2c1CN1CCC(N)CC1,7.132228145387313,0.027551105640339413,7.118452592567143,7.17496966119212,-0.04274151580480634,0.7733333333333333,0.5952153590668897
CCN(CC)[C@@](C)(C#Cc1ncnc2cc(OC)c(OC)cc12)CCc1ccccc1,6.384061891679103,0.10588093946324513,6.33112142194748,5.8987740047313535,0.4852878869477495,0.888888888888889,0.5948736475243493
CC1(N)CCN(Cc2ccn3ncnc(Nc4ccc5c(cnn5Cc5cccc(F)c5)c4)c23)CC1,7.204258822554602,0.024809599447182234,7.19185402283101,7.333023994161131,-0.12876517160652945,0.7733333333333333,0.5944778732118954
Fc1cccc(Cn2ncc3cc(Nc4ncnn5ccc(CN6CCCNCC6)c45)ccc32)c1,7.147199998208151,0.04062128551368316,7.1268893554513095,7.20637515582406,-0.059175157615908525,0.7733333333333333,0.594470488261331
OCCNC1CCN(Cc2ccn3ncnc(Nc4ccc5c(cnn5Cc5cccc(F)c5)c4)c23)CC1,7.138504272152799,0.04206655928763385,7.1174709925089825,7.190742522083928,-0.05223824993112913,0.7733333333333333,0.5942882984244726
CC(=O)Nc1cccc(C#Cc2cncnc2Nc2ccc(OCc3cccc(F)c3)c(Cl)c2)n1,7.356470730742387,0.04808397881399299,7.332428741335391,7.930809159304696,-0.5743384285623083,0.888888888888889,0.5923124032788886
COc1cc2c(Nc3ccc(Cl)cc3F)ncnc2cc1OCCN1CCN(C)CC1,6.719924975421165,0.018030675051679847,6.710909637895325,6.692428048057403,0.02749692736376197,0.888888888888889,0.5916456685048073
COc1cc2ncnc(Nc3cccc(Cl)c3F)c2cc1CN1CCC[C@@H]1C(=O)N(C)C,6.899219066554847,0.04032127272980386,6.879058430189946,6.995609456061854,-0.09639038950700662,0.8611111111111112,0.5898273953456665
Brc1cccc(Nc2[nH]cnc3c4ccccc4nc2-3)c1.Cl,6.745718836649739,0.012764718576105026,6.739336477361687,6.785957570919594,-0.040238734269855136,0.888888888888889,0.5892876038032708
CNC1CCN(Cc2ccn3ncnc(Nc4ccc5c(cnn5Cc5cccc(F)c5)c4)c23)CC1,7.058502570400532,0.031726758399963126,7.042639191200551,7.120916187634789,-0.06241361723425687,0.7733333333333333,0.5891692216528941
OC1CCN(Cc2ccn3ncnc(Nc4ccc5c(cnn5Cc5cccc(F)c5)c4)c23)CC1,7.09118459214598,0.038176125150712906,7.072096529570624,7.187406161210745,-0.09622156906476498,0.7733333333333333,0.5887763826850403
CCc1c(C(=O)NCCCn2ccnc2)cn2ncnc(Nc3ccc4c(cnn4Cc4ccccc4)c3)c12,7.126120894412819,0.04869976975830933,7.101771009533664,7.288808172260133,-0.16268727784731407,0.7733333333333333,0.5862796125474286
CN1CCN(CCCOc2cc(OC3CCOCC3)c3c(Nc4ccc(F)c(Cl)c4)ncnc3c2)CC1,6.868791155265834,0.03347716182208344,6.852052574354792,6.9518709767066555,-0.08307982144082171,0.8311111111111111,0.5845997669396257
C=C(CN1CCOCC1)C(=O)Nc1ccc2ncnc(Nc3cccc(Br)c3)c2c1,7.083953895979443,0.027600196677337825,7.070153797640774,7.555442068210442,-0.47148817223099915,0.888888888888889,0.5827324312337442
O=C(CO)NC1CCN(Cc2ccn3ncnc(Nc4ccc5c(cnn5Cc5cccc(F)c5)c4)c23)CC1,6.975823820910511,0.0300905789035821,6.96077853145872,7.096400813728819,-0.12057699281830736,0.7733333333333333,0.5804483978105837
O[C@H]1CNCCN(Cc2ccn3ncnc(Nc4ccc5c(cnn5Cc5cccc(F)c5)c4)c23)C1,7.0578030106914085,0.03798360295703255,7.038811209212892,7.223075004229495,-0.1652719935380862,0.7455555555555555,0.5782173417575643
O[C@@H]1CNCCN(Cc2ccn3ncnc(Nc4ccc5c(cnn5Cc5cccc(F)c5)c4)c23)C1,7.0578030106914085,0.03798360295703255,7.038811209212892,7.223075004229495,-0.1652719935380862,0.7455555555555555,0.5782173417575643
CNC(=O)c1cccc(C#Cc2cncnc2Nc2ccc(OCc3cccc(F)c3)c(Cl)c2)c1,7.133218841014781,0.06739930276676291,7.099519189631399,7.7625515584563445,-0.6293327174415637,0.888888888888889,0.5739562509183213
CC1CNCCN(Cc2ccn3ncnc(Nc4ccc5c(cnn5Cc5cccc(F)c5)c4)c23)C1,6.931711602436955,0.01071443825791883,6.926354383307996,7.122555802602949,-0.19084420016599335,0.7455555555555555,0.5701018240623725
O=C(O)Cn1ncc2cc3c(Nc4cccc(Br)c4)ncnc3cc21,7.230816185826432,0.07110718189804321,7.195262594877411,8.038494350907214,-0.807678165080782,0.888888888888889,0.5687241005350343
CS(=O)(=O)CCNC1CCN(Cc2ccn3ncnc(Nc4ccc5c(cnn5Cc5cccc(F)c5)c4)c23)CC1,6.8975890675312455,0.039993321951606195,6.877592406555443,7.077667714285113,-0.1800786467538673,0.7555319999999999,0.5686745352010059
O=C(/C=C/c1ccccc1)Nc1cc2c(Nc3cccc(Br)c3)ncnc2cn1,7.393217722462668,0.04988911085383576,7.36827316703575,8.391470005352092,-0.9982522828894238,0.888888888888889,0.5680242177639693
COc1cccc(-c2cn(C3CCN(CC(N)=O)C3)c3ncnc(N)c23)c1,6.338311824683279,0.019375967283414106,6.328623841041572,6.284197855512683,0.0541139691705963,0.8611111111111112,0.5652244804183633
CN(C)C1CCN(Cc2ccn3ncnc(Nc4ccc5c(cnn5Cc5cccc(F)c5)c4)c23)CC1,6.798199164536636,0.01941839006177525,6.788489969505749,7.000385181648234,-0.20218601711159767,0.7733333333333333,0.5647799022109762
NC(=O)C1CCN(Cc2ccn3ncnc(Nc4ccc5c(cnn5Cc5cccc(F)c5)c4)c23)CC1,6.925327078572901,0.042115009795932336,6.904269573674935,7.276730376525586,-0.3514032979526851,0.7733333333333333,0.5622644857989669
c1ccc(CNc2[nH]cnc3c4ccccc4nc2-3)cc1,6.275010204930824,0.04895209873716267,6.250534155562243,6.269809615904358,0.00520058902646614,0.888888888888889,0.5608989030188058
Brc1cccc(Nc2ncnc3c2sc2ncccc23)c1,6.5743794508397375,0.035409555195919366,6.556674673241778,6.888538150167333,-0.31415869932759577,0.888888888888889,0.5603266525430461
CN1CCCN(Cc2ccn3ncnc(Nc4ccc5c(cnn5Cc5cccc(F)c5)c4)c23)CC1,6.824342631363187,0.014661128263250849,6.817012067231562,7.146271503126636,-0.32192887176344875,0.7733333333333333,0.559167803561821
NC(=O)CN1CCC(n2cc(-c3cccc(O)c3)c3c(N)ncnc32)C1,6.305836445603456,0.044387863141696,6.283642514032608,6.330572945787539,-0.024736500184083354,0.8611111111111112,0.5570160200982927
C[C@H](Nc1[nH]cnc2c3ccccc3nc1-2)c1ccccc1.Cl,6.2327870697745835,0.03154366839892025,6.217015235575124,6.229099729654855,0.0036873401197281552,0.8611111111111112,0.5548691338651152
CN[C@H]1C[C@@H]2O[C@](C)([C@H]1OC)n1c3ccccc3c3c4c(c5c6ccccc6n2c5c31)[C@H](O)NC4=O,7.031718971831587,0.06343874142599562,6.999999601118589,6.857897115368779,0.17382185646280846,0.4633333333333333,0.5541743646971
CCOc1cc2ncnc(NC3=CC(=O)C(OCc4cccs4)=CC3=O)c2cc1NC(=O)/C=C/CN(C)C,6.910772549491594,0.008533352550162332,6.9065058732165125,7.670191349104866,-0.7594187996132717,0.8738888888888889,0.5526162750732204
COC1CNCCN(Cc2ccn3ncnc(Nc4ccc5c(cnn5Cc5cccc(F)c5)c4)c23)C1,6.757255925176679,0.020652477246838042,6.74692968655326,7.064458500404834,-0.3072025752281551,0.7455555555555555,0.5514290438427742
COc1cn2ncnc(Nc3ccc4c(cnn4Cc4cccc(F)c4)c3)c2c1CN1CCCNCC1,6.786352659947322,0.01600087596716145,6.778352221963741,7.195234580129053,-0.40888192018173175,0.7733333333333333,0.5512918774369913
O=C(O)C1CCN(Cc2ccn3ncnc(Nc4ccc5c(cnn5Cc5cccc(F)c5)c4)c23)CC1,6.825962297747795,0.013015704844652148,6.819454445325469,7.386042167004672,-0.5600798692568771,0.7733333333333333,0.5444668665384498
CC(=O)NC1CCN(Cc2ccn3ncnc(Nc4ccc5c(cnn5Cc5cccc(F)c5)c4)c23)CC1,6.647589400407343,0.021682089713542962,6.636748355550571,7.046907549589011,-0.39931814918166797,0.7733333333333333,0.5429328487159275
COC(=O)CN1CCC(n2cc(-c3cccc(O)c3)c3c(N)ncnc32)C1,6.148324010174446,0.010482546090490688,6.143082737129201,6.30941048550667,-0.1610864753322243,0.8611111111111112,0.540344885289781
CCOc1cc2ncnc(NC3=CC(=O)C(OCc4ccccn4)=CC3=O)c2cc1NC(=O)/C=C/CN(C)C,6.774736406376775,0.021365805030560934,6.764053503861494,7.590319367288634,-0.8155829609118594,0.8738888888888889,0.5399621334233625
COc1cc(O)c2c(O)c(-c3cccc(Cl)c3)cnc2c1,6.211668902671894,0.0585553332581243,6.182391236042832,6.586725070831602,-0.3750561681597082,0.9166666666666667,0.5368605292441054
COc1cccc(-c2cn(C3CCNC3)c3ncnc(N)c23)c1,5.935387952188881,0.020094630297537802,5.9253406370401125,5.941270894163834,-0.005882941974952871,0.8611111111111112,0.5362559982901602
COC(=O)CN1CCC(n2cc(-c3cccc(OC)c3)c3c(N)ncnc32)C1,6.087527048772456,0.02084129747693714,6.077106400033988,6.29066333544795,-0.20313628667549377,0.8611111111111112,0.53339902442388
c1ccc(CNc2ncnc3ccncc23)cc1,5.990708655614311,0.0367590655935847,5.972329122817519,6.259109064523075,-0.2684004089087644,0.9166666666666667,0.5308063121394174
Cl.c1ccc(Nc2[nH]cnc3c4ccccc4nc2-3)cc1,6.138495723606046,0.03113773279679684,6.122926857207648,6.497614383565336,-0.3591186599592904,0.888888888888889,0.5304875131714157
CCOC(=O)c1cn2ncnc(Nc3ccc(Oc4ccccc4)cc3)c2c1CC,6.249849957140524,0.015884725812512906,6.241907594234268,6.777892876150878,-0.5280429190103533,0.888888888888889,0.5276520369258434
Oc1cc(O)c2c(O)c(-c3cccc(Cl)c3)cnc2c1,6.458751231822549,0.07971105424579956,6.418895704699649,7.254974970419785,-0.7962237385972362,0.9166666666666667,0.5249224156142921
CS(=O)(=O)N1CCCN(Cc2ccn3ncnc(Nc4ccc5c(cnn5Cc5cccc(F)c5)c4)c23)CC1,6.571695025338036,0.03585308578345269,6.553768482446309,7.259022686086746,-0.6873276607487107,0.7733333333333333,0.5194803059976602
Cc1[nH]c2ncnc(NCc3ccccc3)c2c1C,5.791677378694364,0.049310546721877846,5.7670221053334245,6.037943274727198,-0.2462658960328339,0.9166666666666667,0.5191226903302517
Nc1ncnc2c1c(-c1cccc(O)c1)cn2C1CCNC1,5.844100568228069,0.03023126501956906,5.828984935718284,6.046806000971145,-0.20270543274307595,0.8611111111111112,0.5177422993835002
c1ccc(-c2c(-c3ccc(OCCN4CCCC4)cc3)oc3ncnc(NCCN4CCNCC4)c23)cc1,6.300052856706747,0.02261879349748004,6.288743459958007,6.798540869131531,-0.4984880124247839,0.7733333333333333,0.5149668630927488
Nc1cc2ncnc(NCc3ccccc3)c2cn1,6.192017370818377,0.08416986151303721,6.149932440061858,6.905799548962702,-0.7137821781443252,0.9166666666666667,0.5131812064664764
O=C1CN(Cc2ccn3ncnc(Nc4ccc5c(cnn5Cc5cccc(F)c5)c4)c23)CCN1,6.551479412552178,0.015165248731386994,6.543896788186484,7.3371011036724525,-0.7856216911202747,0.7733333333333333,0.5131078451529246
CCN(CC)CCCNc1ncc2cc(-c3c(Cl)cccc3Cl)c(=O)n(C)c2n1,5.775926294861294,0.022704384639606612,5.7645741025414905,6.156826551768797,-0.38090025690750284,0.9166666666666667,0.5110539081401316
c1ccc(Cn2ncc3cc(Nc4ncnn5ccc(COC[C@@H]6CNCCO6)c45)ccc32)nc1,6.442274200475822,0.027570141157838863,6.428489129896903,7.1605465076833905,-0.7182723072075685,0.7455555555555555,0.5057049446047073
CCCCNc1ncc2cc(-c3c(Cl)cccc3Cl)c(=O)n(C)c2n1,5.5939034783354975,0.035638175257504484,5.576084390706745,6.042780909227495,-0.44887743089199716,0.9166666666666667,0.49478221920234355
COC(=O)C1CCN(Cc2ccn3ncnc(Nc4ccc5c(cnn5Cc5cccc(F)c5)c4)c23)CC1,6.34525434345902,0.025709732086187535,6.332399477415926,7.2285149153634,-0.8832605719043798,0.7733333333333333,0.49358912411785566
N#Cc1cnc2ccc(-c3ccc(CN)cc3)cc2c1N[C@@H]1C[C@H]1c1ccccc1,5.8045337330499525,0.0329352422740223,5.788066111912942,6.231592475654958,-0.42705874260500565,0.7755555555555556,0.4882787581224414
Nc1ncnc2c1c(-c1ccc(O)cc1)cn2C1CCNC1,5.616617364931463,0.019424560986816285,5.606905084438054,6.078876110659387,-0.46225874572792414,0.8611111111111112,0.487842852317547
COc1cccc(-c2cn(C3CCN(C(=O)OC(C)(C)C)C3)c3ncnc(N)c23)c1,5.71535971965279,0.02918977454572557,5.700764832379927,6.338949228807141,-0.6235895091543506,0.8611111111111112,0.4834428160955329
OC1(c2nc(-c3ccc(F)cc3)c(-c3ccnc(NC4CCCCC4)c3)o2)CCNCC1,5.780133777658732,0.05904675140000632,5.750610401958729,6.382321996187013,-0.6021882185282807,0.8311111111111111,0.48283592654231955
CC(C)(C)OC(=O)N1CCC(n2cc(-c3cccc(O)c3)c3c(N)ncnc32)C1,5.744034281039333,0.030426843795883663,5.728820859141392,6.406227411058052,-0.6621931300187187,0.8611111111111112,0.48276039641566093
Cc1cc(C(=O)NCCN2CCOCC2)[nH]c1/C=C1\C(=O)N(C)c2ncnc(Nc3ccc(F)c(Cl)c3)c21,6.206645078443616,0.042871339480108864,6.185209408703561,7.2504376912610535,-1.0437926128174375,0.8311111111111111,0.48270137879429736
CCNc1ncc2cc(-c3c(Cl)cccc3Cl)c(=O)n(C)c2n1,5.534083427383687,0.03753303031280896,5.515316912227283,6.141820113295866,-0.6077366859121787,0.9166666666666667,0.48102001982632886
COc1ccc(N2Cc3cnc(Nc4ccc(F)cc4)nc3N([C@@H]3CC[C@@H](O)C3)C2=O)cc1,6.0872938271214165,0.03197998618833588,6.0713038340272485,6.953355768491475,-0.8660619413700585,0.7755555555555556,0.47856132688337644
Cn1c(=O)c(-c2c(Cl)cccc2Cl)cc2cnc(NCCCCCC(=O)O)nc21,5.960191625946744,0.04317177963196907,5.93860573613076,7.0334633910790085,-1.0732717651322643,0.9166666666666667,0.47827390231930655
Nc1ncnc2c1c(-c1ccccc1)cn2C(CO)Cc1ccccc1,5.83316490118668,0.031114910723899783,5.81760744582473,6.684337763265364,-0.851172862078684,0.8611111111111112,0.47648542357472146
O=C(/C=C/Cn1cccn1)Nc1ccc2ncnc(Nc3cccc(Br)c3)c2c1,6.599256525681227,0.08894737174150218,6.554782839810476,8.260132026571736,-1.6608755008905085,0.888888888888889,0.4750347787956781
COc1cc(O)c2c(=O)c(-c3cccc(Cl)c3)cn(CCc3ccccc3)c2c1,5.606059001983448,0.058059077816900936,5.5770294630749975,6.319504707845502,-0.7134457058620534,0.888888888888889,0.4737187104500754
Nc1ncnc2c1c(-c1ccccc1)cn2C1CCNC1,5.331124301624754,0.015605731756162585,5.3233214357466725,5.823286480126884,-0.49216217850213084,0.8611111111111112,0.4683215127740225
CN1CCN(CCCNc2ncc3cc(-c4c(Cl)cccc4Cl)c(=O)n(C)c3n2)CC1,5.567605986534275,0.0619604044572883,5.536625784305631,6.6888779119671895,-1.1212719254329144,0.888888888888889,0.44563119192930395
COc1cc(/C=C(\C#N)C(N)=O)cc(CSCc2ccccc2)c1O,5.695600508454749,0.01606658411543944,5.68756721639703,7.125954741156457,-1.430354232701708,0.9444444444444444,0.4449412296954598
CNc1ncc2cc(-c3c(Cl)cccc3Cl)c(=O)n(C)c2n1,5.347442920460894,0.03615667749692951,5.329364581712429,6.3582166281119274,-1.0107737076510332,0.9166666666666667,0.44423399192576984
N#C/C(=C\c1cc(O)c(O)c(CSCc2ccccc2)c1)C(N)=O,5.886509081634723,0.027584443045915463,5.872716860111765,7.519379717413548,-1.6328706357788247,0.9444444444444444,0.44363984738036455
CC(C)(C)OC(=O)N1CCC(n2cc(-c3ccccc3)c3c(N)ncnc32)C1,5.394968467302724,0.02920064948720176,5.380368142559123,6.392887552243119,-0.9979190849403947,0.8611111111111112,0.44002222058995216
Cn1c(=O)c(-c2c(Cl)cccc2Cl)cc2cnc(N)nc21,5.498228340663363,0.018102718152893545,5.489176981586916,6.81657012075365,-1.3183417800902868,0.9166666666666667,0.43533777412817265
N#C/C(=C\c1ccc(O)c(O)c1)C(=O)NCCCCNC(=O)/C(C#N)=C/c1ccc(O)c(O)c1,5.62652367477463,0.023613570089265092,5.614716889729997,7.1779281161308335,-1.5514044413562038,0.9444444444444444,0.432680940250855
CC(=O)Nc1ccc(C#Cc2cncnc2Nc2ccc(OCc3cccc(F)c3)c(Cl)c2)cc1,5.96834853888773,0.0889421222548671,5.923877477760296,7.787611526402776,-1.819262987515046,0.888888888888889,0.4257040741813827
N#C/C(=C\c1ccc(O)c(O)c1)C(=O)c1ccc(O)c(O)c1,5.69464669030729,0.009766985040707781,5.689763197786936,7.488069567598433,-1.7934228772911425,0.9444444444444444,0.42250480572814053
COc1ccc(CC(CO)n2cc(-c3cccc(O)c3)c3c(N)ncnc32)cc1,5.377766629365929,0.029185757293492754,5.3631737507191835,6.648419838372483,-1.2706532090065537,0.8611111111111112,0.421901967574453
COc1cc(Nc2nccc(-c3ccc(NCCN)nc3)n2)cc(OC)c1OC,5.3246463984351236,0.03456943600672056,5.307361680431764,6.692811873804001,-1.368165475368878,0.9166666666666667,0.42055158589130437
COc1ccc2c(c1)CNc1c(NCc3ccccc3)ncnc1O2,5.26369672207591,0.036247315460932954,5.245573064345443,6.515168112751411,-1.2514713906755013,0.888888888888889,0.4197850507728122
Cc1[nH]c2ncnc(NC3CCCCC3)c2c1C,5.398614886670965,0.06740646288297124,5.36491165522948,6.855149566755817,-1.456534680084852,0.9166666666666667,0.41800968976748354
COc1cc(/C=C(\C#N)C(N)=O)cc(CSCc2ccccc2Cl)c1O,5.480149338038972,0.03053264754166669,5.464883014268138,7.121961663364928,-1.6418123253259562,0.9444444444444444,0.4175360975841468
N#C/C(=C\c1cc(O)c(O)c(O)c1)C(=O)NCCCCNC(=O)/C(C#N)=C/c1cc(O)c(O)c(O)c1,5.4614928587658875,0.02338612282604322,5.449799797352866,7.12978216227812,-1.6682893035122328,0.9444444444444444,0.41507258272871794
Fc1ccc2c(c1)CNc1c(NCc3ccccc3)ncnc1O2,5.123847003838191,0.006063658984546664,5.120815174345918,6.370845685980034,-1.246998682141843,0.888888888888889,0.41283317049012774
CN1CCN(c2ccc3c(n2)nc(-c2ccc(F)cc2)n3-c2ccnc(NC3CCCC3)n2)CC1,5.34362129130364,0.04474493182495515,5.321248825391162,6.5368342510239,-1.1932129597202605,0.7733333333333333,0.4106632741327134
COc1ccc(CC(CO)n2cc(-c3cccc(OC)c3)c3c(N)ncnc32)cc1,5.293366331196103,0.035981235569156986,5.275375713411525,6.667103212653461,-1.3737368814573578,0.8611111111111112,0.4098444454968805
N#C/C(=C\c1ccc(O)c(O)c1)C(=O)c1ccc(F)cc1,5.591444202630184,0.005858216284681271,5.5885150944878434,7.513939832387668,-1.922495629757484,0.9444444444444444,0.40818304165697633
N#C/C(=C\c1ccc(O)c(O)c1)C(=O)NCCCCCCCCCCNC(=O)/C(C#N)=C/c1ccc(O)c(O)c1,5.548144219866357,0.04989255648398667,5.523197941624364,7.212373270616837,-1.66422905075048,0.8694444444444444,0.4081667369122096
CC(C)(C)c1cc(/C=C2\C(=O)Nc3ccccc32)cc(C(C)(C)C)c1O,5.002399883908266,0.019344781198894143,4.992727493308819,6.2690112489385195,-1.2666113650302533,0.9166666666666667,0.4075195433699311
N#C/C(=C\c1ccc(O)c(O)c1)C(=O)NCCCCCCNC(=O)/C(C#N)=C/c1ccc(O)c(O)c1,5.4778183866862395,0.02937858763295191,5.463129092869764,7.248441954143789,-1.770623567457549,0.9294444444444444,0.40714741348681227
COc1cc(/C=C(\C#N)C(=O)c2ccc(O)c(O)c2)cc(CSCc2ccccc2)c1O,5.570851867120444,0.03186613033925044,5.554918801950819,7.5384380405146345,-1.9675861733941904,0.9166666666666667,0.39861079934092836
Nc1ncnc2c1ncn2-c1ccccc1,5.173867897653958,0.04159910902981327,5.153068343139052,6.746865000350041,-1.5729971026960836,0.9166666666666667,0.3979744692333765
N#C/C(=C\c1ccc(O)c(O)c1)C(=O)c1ccc([N+](=O)[O-])cc1,5.4993017582144805,0.013840877609810289,5.492381319409575,7.504077426372062,-2.0047756681575812,0.9444444444444444,0.39688250341473236
CC(C)c1cc(/C=C2\C(=O)Nc3ccc(Cl)cc32)cc(C(C)C)c1O,4.93324101501201,0.018676052058426207,4.923902988982797,6.312847740147939,-1.379606725135929,0.9166666666666667,0.3961683405143338
N#C/C(=C\c1ccc(O)c(O)c1)C(=O)c1ccccc1Cl,5.539770819135472,0.014213729264254842,5.532663954503345,7.598039303559899,-2.058268484424427,0.9444444444444444,0.3960498761228943
COc1ccc(/C=C2\C(=O)Nc3ccc(Cl)cc32)cc1C(C)(C)C,4.806766916840545,0.026444000702869886,4.79354491648911,6.136973356628715,-1.3302064397881699,0.9166666666666667,0.39096282978063
CC(C)c1cc(/C=C2\C(=O)Nc3ccccc32)cc(C(C)C)c1O,4.855837628999527,0.0321179274322834,4.839778665283386,6.240207583837964,-1.3843699548384363,0.9166666666666667,0.39036083326345405
Brc1ccc2c(c1)CNc1c(NCc3ccccc3)ncnc1O2,5.056868437724643,0.008834166050118433,5.052451354699584,6.597208150231689,-1.5403397125070457,0.888888888888889,0.3901746703569272
O=C(CCc1c(SSc2[nH]c3ccccc3c2CCC(=O)NCc2ccccc2)[nH]c2ccccc12)NCc1ccccc1,5.425166898510737,0.04942751199425482,5.4004531425136095,6.811672601156812,-1.3865057026460752,0.6824479999999998,0.3898121491418286
Nc1ncnc2c1c(-c1ccccc1)cn2C(CO)Cc1ccc(O)cc1,5.226010866420996,0.03173436240924716,5.210143685216372,6.861315330084747,-1.6353044636637515,0.8611111111111112,0.3894990987185321
COc1ccc(CC(CO)n2cc(-c3ccccc3)c3c(N)ncnc32)cc1,5.12647159127723,0.045654139227647925,5.103644521663407,6.655265739285769,-1.5287941480085383,0.8611111111111112,0.3892387999095775
COc1cc(/C=C(\C#N)C(N)=O)cc(CSCc2ccc(Cl)cc2)c1O,5.23792609871247,0.02380192232393005,5.226025137550505,7.097241366373646,-1.8593152676611764,0.9444444444444444,0.389139747491176
N#C/C(=C\c1ccc(O)c(O)c1)C(=O)c1ccccc1,5.430230443453401,0.048234294278435355,5.406113296314183,7.582185288470842,-2.151954845017441,0.9444444444444444,0.3816471768549924
COc1c(Br)cc(/C=C2\C(=O)Nc3ccccc32)cc1C(C)(C)C,4.788916201271175,0.023878508168939595,4.776976947186705,6.339410117216479,-1.550493915945304,0.9166666666666667,0.37620746742442
COc1ccc2c(C(=O)Nc3ccccc3)c(SSc3c(C(=O)Nc4ccccc4)c4ccc(OC)cc4n3C)n(C)c2c1,5.276806516096167,0.0335007230404374,5.260056154575948,6.895432419627409,-1.6186259035312416,0.7248186666666666,0.373184052133286
O=C(O)c1cc(N(Cc2ccccc2O)Cc2cc(O)ccc2O)ccc1O,5.397534823923166,0.01658798462197309,5.38924083161218,7.6517405834293495,-2.254205759506183,0.9166666666666667,0.3706286672949628
Cn1c(SSc2c(C(=O)Nc3ccccc3)c3cc(Cl)ccc3n2C)c(C(=O)Nc2ccccc2)c2cc(Cl)ccc21,5.123370445119734,0.029393613455070553,5.108673638392199,6.681660862848654,-1.5582904177289194,0.7189266666666665,0.3666868210391724
Cn1c(SSc2c(C(=O)Nc3ccccc3)c3ccccc3n2C)c(C(=O)Nc2ccccc2)c2ccccc21,4.97168968755094,0.03020652587107103,4.956586424615405,6.676174786214281,-1.7044850986633406,0.7648533333333332,0.35491796051192137
COc1cccc2c(C(=O)Nc3ccccc3)c(SSc3c(C(=O)Nc4ccccc4)c4cccc(OC)c4n3C)n(C)c12,5.0909050805508915,0.01936275078072316,5.08122370516053,6.8724658876873885,-1.781560807136497,0.7248186666666667,0.3520886795493635
COC(=O)c1ccc(C(=O)c2c(SSc3c(C(=O)c4ccc(C(=O)OC)cc4)c4ccccc4n3C)n(C)c3ccccc23)cc1,5.158980141760661,0.013247607533772344,5.1523563379937745,7.045738836896239,-1.886758695135578,0.7074919999999998,0.34747526003737905
c1cc(Nc2nccc(-c3cccnc3)n2)cc(OCCn2ccnc2)c1,5.017143449602989,0.06289221927142305,4.9856973399672775,7.273840917377747,-2.2566974677747575,0.888888888888889,0.34021659623402667
COc1cc2c(cc1OC)Nc1ncn(C)c(=O)c1C2,4.2546309846481405,0.04975916653943847,4.229751401378421,5.8886577847459005,-1.63402680009776,0.9166666666666667,0.33629980320742686
CC(=O)Oc1ccc2c(c1)c(C(=O)Nc1ccccc1)c(SSc1c(C(=O)Nc3ccccc3)c3cc(OC(C)=O)ccc3n1C)n2C,5.1568081719369925,0.031154245459032635,5.141231049207476,7.176207667867764,-2.019399495930772,0.687472,0.3351511299774372
O=C(CCc1c(SSc2[nH]c3ccccc3c2CCC(=O)NCc2ccc(C(=O)O)cc2)[nH]c2ccccc12)NCc1ccc(C(=O)O)cc1,5.074991141128637,0.0342978549029723,5.057842213677151,6.789337040328877,-1.7143458992002403,0.5937693333333331,0.33489083487537613
Cn1c(SSc2c(C(=O)Nc3ccccc3)c3cc(Br)ccc3n2C)c(C(=O)Nc2ccccc2)c2cc(Br)ccc21,5.000720146649843,0.0325307166256215,4.984454788337032,6.802637905052417,-1.801917758402574,0.6596586666666665,0.3347474134341732
Cn1c(SSc2c(C(=O)c3ccc(C(=O)O)cc3)c3ccccc3n2C)c(C(=O)c2ccc(C(=O)O)cc2)c2ccccc21,5.101486720846751,0.03308440877941622,5.084944516457043,7.197206673604148,-2.0957199527573973,0.7261946666666664,0.3326354025666137
Cn1c(SSc2c(C(=O)Nc3ccccc3)c3cc([N+](=O)[O-])ccc3n2C)c(C(=O)Nc2ccccc2)c2cc([N+](=O)[O-])ccc21,5.084253284036288,0.026861780722846063,5.070822393674865,7.260551059670445,-2.176297775634157,0.7048573333333331,0.32363273023899086
CC(=O)Oc1cccc2c(C(=O)Nc3ccccc3)c(SSc3c(C(=O)Nc4ccccc4)c4cccc(OC(C)=O)c4n3C)n(C)c12,4.974074996559193,0.020041984020426208,4.96405400454898,7.135680150218545,-2.1616051536593517,0.687472,0.3153980659802188
NC(Cc1c(SSc2[nH]c3ccccc3c2CC(N)C(=O)NCc2ccccc2)[nH]c2ccccc12)C(=O)NCc1ccccc1,5.135290800860471,0.033383722832701704,5.11859893944412,7.329688224980279,-2.194397424119808,0.6068724444444443,0.31066751657132297
Cc1ccc(F)c(C(=O)n2nc(Nc3ccc(S(N)(=O)=O)cc3)nc2C)c1F,4.736688345761284,0.02585718396161492,4.7237597537804765,7.3080834594902155,-2.571395113728932,0.9166666666666667,0.30903796780394127
c1ccc(Nc2nccc(-c3cccnc3)n2)cc1,4.392180048282852,0.09581246650649228,4.344273815029606,6.5831091817330165,-2.1909291334501644,0.9166666666666667,0.3077875588517184
NCCCNC(=O)c1cccc(Nc2nccc(-c3cccnc3)n2)c1,4.559102054206522,0.07060595553071936,4.523799076441162,6.995866990311545,-2.436764936105023,0.9166666666666667,0.3041157721048077
Cc1ccc(S(=O)(=O)c2c(SSc3[nH]c4ccccc4c3S(=O)(=O)c3ccc(C)cc3)[nH]c3ccccc23)cc1,4.526858831764999,0.0302054969260984,4.511756083301949,6.537104060386222,-2.0102452286212227,0.7367999999999998,0.30379807535018105
COc1cc(/C=C(\C#N)C(=O)NCCCCNC(=O)/C(C#N)=C/c2cc(OC)c(O)c([N+](=O)[O-])c2)cc([N+](=O)[O-])c1O,4.663500791473744,0.04127536282116713,4.6428631100631605,7.1948223933248485,-2.531321601851104,0.8791044444444442,0.3005630978770233
O=C(CCc1c(SSc2[nH]c3ccccc3c2CCC(=O)NCc2ccc(C(=O)O)c(O)c2)[nH]c2ccccc12)NCc1ccc(C(=O)O)c(O)c1,4.965180111650092,0.023812796343903993,4.95327371347814,7.144630114356081,-2.1794500027059893,0.5613262222222221,0.29461642532514454
Cn1c(SSc2c(C(=O)Nc3ccc(C(=O)O)cc3)c3ccccc3n2C)c(C(=O)Nc2ccc(C(=O)O)cc2)c2ccccc21,4.842918158343196,0.03137308165197834,4.827231617517207,7.243565245238571,-2.4006470868953746,0.7061746666666664,0.29449948788288993
CC(=O)Oc1cccc2c1c(C(=O)Nc1ccccc1)c(SSc1c(C(=O)Nc3ccccc3)c3c(OC(C)=O)cccc3n1C)n2C,4.824631045006947,0.04741435367062515,4.800923868171634,7.164601070876934,-2.339970025869987,0.687472,0.2935413960125287
Cn1c(SSc2c(C(=O)Nc3cccc(C(=O)O)c3)c3ccccc3n2C)c(C(=O)Nc2cccc(C(=O)O)c2)c2ccccc21,4.8429060797165695,0.027049489954408267,4.829381334739366,7.265608159806064,-2.4227020800894943,0.7061746666666664,0.2933364754789718
O=C(NCc1ccccc1)C(O)Cc1c(SSc2[nH]c3ccccc3c2CC(O)C(=O)NCc2ccccc2)[nH]c2ccccc12,4.986047684319706,0.04374624611711008,4.964174561261151,7.323004414465059,-2.336956730145353,0.6055604444444442,0.2917149389967082
Cn1c(SSc2c(C(=O)Nc3ccccc3)c3c(Cl)cccc3n2C)c(C(=O)Nc2ccccc2)c2c(Cl)cccc21,4.4845407616223785,0.0620793434169478,4.453501089913905,6.657514925469736,-2.172974163847358,0.7189266666666665,0.28670794519009135
Nc1cccc(Nc2nccc(-c3cccnc3)n2)c1,4.482855597878395,0.03583805496313717,4.4649365703968265,7.153880964702031,-2.6710253668236366,0.9166666666666667,0.28644748669276554
COc1cc(/C=C(\C#N)C(=O)NCCCCNC(=O)/C(C#N)=C/c2cc(Br)c(O)c(OC)c2)cc(Br)c1O,4.522285984040264,0.06315016517800706,4.49071090145126,7.2441671017381495,-2.721881117697886,0.8639057777777777,0.2764536625541649
Cn1c(SSc2c(C(=O)Nc3ccccc3)c3cc(C#N)ccc3n2C)c(C(=O)Nc2ccccc2)c2cc(C#N)ccc21,4.6103743986878,0.052761667814726486,4.583993564780437,7.2110987282652825,-2.6007243295774822,0.7315066666666665,0.27019104592865856
Cn1c(SSc2c(C(=O)Nc3ccccc3C(=O)O)c3ccccc3n2C)c(C(=O)Nc2ccccc2C(=O)O)c2ccccc21,4.631326725685905,0.027250411708059065,4.617701519831876,7.244486706769637,-2.613159981083732,0.7061746666666664,0.2681991009522328
O=[N+]([O-])c1cccc(Nc2nccc(-c3cccnc3)n2)c1,4.3328305567826435,0.04990557554967984,4.307877769007804,7.25484539251448,-2.9220148357318365,0.9166666666666667,0.26068070378819147
Cn1c(SSc2c(C(=O)Nc3ccccc3)c3cccnc3n2C)c(C(=O)Nc2ccccc2)c2cccnc21,4.691681611478113,0.03395872185713357,4.6747022505495455,7.673148473443892,-2.98146686196578,0.7635359999999998,0.25722088575166413
COC(=O)c1ccc(CNC(=O)CCc2c(SSc3[nH]c4ccccc4c3CCC(=O)NCc3ccc(C(=O)OC)cc3)[nH]c3ccccc23)cc1,4.420651034073016,0.015593625049213628,4.412854221548409,6.748833216795747,-2.328182182722731,0.5639555555555554,0.25209295529026543
CC(=O)OC(Cc1c(SSc2[nH]c3ccccc3c2CC(OC(C)=O)C(=O)NCc2ccccc2)[nH]c2ccccc12)C(=O)NCc1ccccc1,4.506456472044497,0.016369425356100985,4.498271759366446,6.8281362682823925,-2.3216797962378957,0.5083999999999999,0.2494900709701075
Cn1c(SSc2c(C(=O)Nc3ccccc3)c3cc(O)ccc3n2C)c(C(=O)Nc2ccccc2)c2cc(O)ccc21,4.457728943203795,0.03658925631005694,4.439434315048767,7.299594704292654,-2.841865761088859,0.7435213333333331,0.24819018606668064
O=C(Nc1ccccc1)c1c(SSc2[nH]c3ccccc3c2C(=O)Nc2ccccc2)[nH]c2ccccc12,4.383667924989616,0.029100811356527145,4.369117519311353,7.256348872480134,-2.872680947490518,0.7733333333333333,0.2464816455258673
Cn1c(SSc2c(C(=O)Nc3ccccc3)c3ccc(O)cc3n2C)c(C(=O)Nc2ccccc2)c2ccc(O)cc21,4.412282017245156,0.013985773567785567,4.405289130461263,7.2990931569618995,-2.8868111397167437,0.7435213333333331,0.24367084116713644
Cn1c(SSc2c(C(=O)Nc3ccccc3)c3cccc(O)c3n2C)c(C(=O)Nc2ccccc2)c2cccc(O)c21,4.3212598062253385,0.04082510287350401,4.300847254788587,7.240231622696579,-2.918971816471241,0.7435213333333331,0.23462994421595587
COC(=O)c1ccc(CNC(=O)CCc2c(SSc3[nH]c4ccccc4c3CCC(=O)NCc3ccc(C(=O)OC)c(O)c3)[nH]c3ccccc23)cc1O,4.300561402212656,0.02312540073903519,4.288998701843139,6.81160063101148,-2.5110392287988237,0.5315124444444443,0.22791573246807942
CC(=O)NC(Cc1c(SSc2[nH]c3ccccc3c2CC(NC(C)=O)C(=O)NCc2ccccc2)[nH]c2ccccc12)C(=O)NCc1ccccc1,4.515095447683114,0.04020097580477567,4.494994959780726,7.319260028649664,-2.8041645809665496,0.5097119999999999,0.2188799303795465
N#CC(C#N)=Cc1ccc2c(c1)OCO2,3.42930157455105,0.02223296063488167,3.418185094233609,6.741025170942402,-3.311723596391352,0.9444444444444444,0.1854036422699037
O=C(Nc1ccccc1)NN1C(=O)c2c(c3c4cccc(O)c4n(C4OC(CO)C(O)C(O)C4O)c3c3[nH]c4c(O)cccc4c23)C1=O,4.148281867353775,0.017809704117023862,4.139377015295263,7.108846056174161,-2.9605641888203857,0.4498195555555555,0.17831480303581898
N#CC(C#N)=Cc1cc2c(cc1[N+](=O)[O-])OCO2,3.4869622263261135,0.03785481509257732,3.4680348187798247,7.201833222167961,-3.7148709958418475,0.9444444444444444,0.16302962781730443
